Study_Sample	Species	Downsampling	Companion_Sample	Grouping_Sites	Non_Grouping_Sites	Ratio	Z_Score	P_Val	Significant_Bonferroni
myrxill_1	myrxill	0.01X	CarLac	0	426	0	-1.25	0.10564977366685524	No
myrxill_1	myrxill	0.01X	CarOva	0	426	0	-1.25	0.10564977366685524	No
myrxill_1	myrxill	0.01X	CarCor	2	424	0.4694835680751174	-0.7499999999999999	0.2266273523768682	No
myrxill_1	myrxill	0.025X	CarLac	3	1048	0.285442435775452	-1.3181818181818181	0.09372139523784556	No
myrxill_1	myrxill	0.025X	CarCor	4	1047	0.3805899143672693	-1.2272727272727273	0.10986005128512091	No
myrxill_1	myrxill	0.01X	CarCat	4	422	0.9389671361502347	-0.24999999999999992	0.4012936743170763	No
myrxill_1	myrxill	0.01X	CarPalm	6	420	1.4084507042253522	0.2500000000000001	0.40129367431707624	No
myrxill_1	myrxill	0.05X	CarLac	6	2047	0.2922552362396493	-1.0833333333333333	0.13933024744962208	No
myrxill_1	myrxill	0.05X	CarOva	6	2047	0.2922552362396493	-1.0833333333333333	0.13933024744962208	No
myrxill_1	myrxill	0.01X	CarAqu	7	419	1.643192488262911	0.5000000000000002	0.3085375387259869	No
myrxill_1	myrxill	0.025X	CarOva	9	1042	0.8563273073263558	-0.7727272727272728	0.21984190130278577	No
myrxill_1	myrxill	0.05X	CarCor	9	2044	0.438382854359474	-0.9166666666666665	0.17965866916478543	No
myrxill_1	myrxill	0.025X	CarPalm	14	1037	1.3320647002854424	-0.3181818181818182	0.37517351182584857	No
myrxill_1	myrxill	0.1X	CarCor	14	4057	0.34389584868582657	-1.0352941176470587	0.15026578805863428	No
myrxill_1	myrxill	0.1X	CarOva	15	4056	0.36845983787767134	-1.0117647058823527	0.15582528451884	No
myrxill_1	myrxill	0.1X	CarLac	16	4055	0.39302382706951605	-0.9882352941176471	0.16151871332923726	No
myrxill_1	myrxill	0.05X	CarPalm	18	2035	0.876765708718948	-0.4166666666666666	0.3384611195106897	No
myrxill_1	myrxill	0.025X	CarAqu	21	1030	1.9980970504281639	0.31818181818181834	0.37517351182584857	No
myrxill_1	myrxill	0.025X	CarCat	22	1029	2.093244529019981	0.40909090909090906	0.34123647374974087	No
myrxill_1	myrxill	0.25X	CarOva	28	9477	0.2945817990531299	-1.2608695652173914	0.10367792254341855	No
myrxill_1	myrxill	0.05X	CarCat	33	2020	1.607403799318071	0.4166666666666666	0.3384611195106897	No
myrxill_1	myrxill	0.25X	CarLac	37	9468	0.389268805891636	-1.1490683229813665	0.1252639045203638	No
myrxill_1	myrxill	0.05X	CarAqu	38	2015	1.8509498295177789	0.6944444444444443	0.2437017648380127	No
myrxill_1	myrxill	0.1X	CarPalm	40	4031	0.9825595676737903	-0.4235294117647059	0.3359545221726372	No
myrxill_1	myrxill	0.25X	CarCor	61	9444	0.6417674907943187	-0.8509316770186336	0.19740365355436884	No
myrxill_1	myrxill	0.5X	CarLac	65	16884	0.38350345153106374	-1.1356589147286822	0.12804967085891952	No
myrxill_1	myrxill	0.5X	CarOva	67	16882	0.3953035577320196	-1.12015503875969	0.13132384993451887	No
myrxill_1	myrxill	0.1X	CarAqu	76	3995	1.8668631785802015	0.4235294117647057	0.3359545221726373	No
myrxill_1	myrxill	0.1X	CarCat	84	3987	2.0633750921149594	0.6117647058823524	0.2703467220754662	No
myrxill_1	myrxill	0.5X	CarCor	98	16851	0.5782052038468346	-0.8798449612403101	0.18947165205564173	No
myrxill_1	myrxill	0.25X	CarPalm	113	9392	1.1888479747501315	-0.20496894409937888	0.4187981944444487	No
myrxill_1	myrxill	0.25X	CarAqu	146	9359	1.5360336664913203	0.20496894409937888	0.4187981944444487	No
myrxill_1	myrxill	0.5X	CarPalm	158	16791	0.9322083898755089	-0.4147286821705426	0.33917026651938087	No
myrxill_1	myrxill	0.25X	CarCat	170	9335	1.788532351394003	0.5031055900621118	0.30744501835245036	No
myrxill_1	myrxill	0.01X	CarIll	186	240	43.66197183098591	45.24999999999999	0	Yes
myrxill_1	myrxill	0.01X	CarMyr	221	205	51.87793427230047	54.00000000000001	0	Yes
myrxill_1	myrxill	0.5X	CarAqu	265	16684	1.5635140716266447	0.4147286821705426	0.33917026651938087	No
myrxill_1	myrxill	0.5X	CarCat	306	16643	1.8054162487462388	0.7325581395348837	0.23191398515577935	No
myrxill_1	myrxill	0.025X	CarIll	429	622	40.818268315889625	37.40909090909091	1.3901776627371413e-306	Yes
myrxill_1	myrxill	0.025X	CarMyr	549	502	52.23596574690771	48.31818181818182	0	Yes
myrxill_1	myrxill	0.05X	CarIll	944	1109	45.981490501704826	51.02777777777778	0	Yes
myrxill_1	myrxill	0.05X	CarMyr	999	1054	48.660496833901604	54.08333333333333	0	Yes
myrxill_1	myrxill	0.1X	CarIll	1761	2310	43.257184966838615	40.0705882352941	0	Yes
myrxill_1	myrxill	0.1X	CarMyr	2065	2006	50.72463768115942	47.223529411764694	0	Yes
myrxill_1	myrxill	0.25X	CarIll	4127	5378	43.41925302472383	49.65838509316771	0	Yes
myrxill_1	myrxill	0.25X	CarMyr	4823	4682	50.74171488690163	58.30434782608696	0	Yes
myrxill_1	myrxill	0.5X	CarIll	7520	9429	44.36839931559384	56.655038759689916	0	Yes
myrxill_1	myrxill	0.5X	CarMyr	8470	8479	49.97344976104785	64.01937984496122	0	Yes
xbr_1	xbr	0.01X	CarLac	0	387	0	-1	0.15865525393145705	No
xbr_1	xbr	0.01X	CarMyr	0	387	0	-1	0.15865525393145705	No
xbr_1	xbr	0.05X	CarOva	1	1984	0.05037783375314861	-1.1666666666666667	0.12167250457438122	No
xbr_1	xbr	0.01X	CarOva	3	384	0.7751937984496124	-0.3333333333333333	0.36944134018176367	No
xbr_1	xbr	0.01X	CarPalm	3	384	0.7751937984496124	-0.3333333333333333	0.36944134018176367	No
xbr_1	xbr	0.025X	CarOva	3	979	0.30549898167006106	-1.2	0.11506967022170828	No
xbr_1	xbr	0.025X	CarLac	5	977	0.5091649694501018	-1.0666666666666667	0.14306119219550906	No
xbr_1	xbr	0.01X	CarAqu	6	381	1.550387596899225	0.3333333333333333	0.36944134018176367	No
xbr_1	xbr	0.025X	CarMyr	7	975	0.7128309572301426	-0.9333333333333333	0.1753239448522295	No
xbr_1	xbr	0.1X	CarOva	8	3755	0.21259633271326067	-1.07	0.14230965435593917	No
xbr_1	xbr	0.05X	CarLac	9	1976	0.4534005037783375	-0.8333333333333334	0.20232838096364303	No
xbr_1	xbr	0.05X	CarMyr	11	1974	0.5541561712846348	-0.7500000000000001	0.22662735237686812	No
xbr_1	xbr	0.025X	CarPalm	12	970	1.2219959266802443	-0.6	0.2742531177500736	No
xbr_1	xbr	0.01X	CarCat	13	374	3.359173126614987	1.888888888888889	0.029453359307830947	No
xbr_1	xbr	0.1X	CarLac	15	3748	0.3986181238373638	-0.9299999999999999	0.17618554224525793	No
xbr_1	xbr	0.05X	CarPalm	19	1966	0.9571788413098238	-0.4166666666666667	0.33846111951068963	No
xbr_1	xbr	0.025X	CarAqu	30	952	3.054989816700611	0.6	0.2742531177500736	No
xbr_1	xbr	0.025X	CarCat	33	949	3.360488798370672	0.8	0.21185539858339666	No
xbr_1	xbr	0.25X	CarLac	36	8974	0.39955604883462825	-1.0382513661202184	0.14957652211599523	No
xbr_1	xbr	0.1X	CarMyr	38	3725	1.0098325803879882	-0.47	0.31917750878255585	No
xbr_1	xbr	0.05X	CarAqu	39	1946	1.964735516372796	0.4166666666666667	0.33846111951068963	No
xbr_1	xbr	0.1X	CarPalm	43	3720	1.1427052883337763	-0.36999999999999994	0.3556912451994533	No
xbr_1	xbr	0.25X	CarOva	43	8967	0.4772475027746948	-0.9617486338797814	0.16808794300358645	No
xbr_1	xbr	0.05X	CarCat	61	1924	3.0730478589420653	1.3333333333333333	0.09121121972586785	No
xbr_1	xbr	0.5X	CarLac	63	16321	0.384521484375	-1.009493670886076	0.1563689677302354	No
xbr_1	xbr	0.5X	CarOva	66	16318	0.40283203125	-0.990506329113924	0.1609633485749136	No
xbr_1	xbr	0.25X	CarMyr	75	8935	0.8324084350721421	-0.6120218579234971	0.2702616480061629	No
xbr_1	xbr	0.1X	CarAqu	80	3683	2.125963327132607	0.3700000000000001	0.3556912451994532	No
xbr_1	xbr	0.25X	CarPalm	93	8917	1.032186459489456	-0.4153005464480874	0.33896095062302317	No
xbr_1	xbr	0.1X	CarCat	115	3648	3.0560722827531226	1.0700000000000003	0.14230965435593917	No
xbr_1	xbr	0.5X	CarMyr	121	16263	0.738525390625	-0.6424050632911392	0.26030510650391875	No
xbr_1	xbr	0.01X	CarIll	141	246	36.434108527131784	30.33333333333333	2.084155193540276e-202	Yes
xbr_1	xbr	0.5X	CarPalm	160	16224	0.9765625	-0.39556962025316456	0.34621127617119174	No
xbr_1	xbr	0.25X	CarAqu	169	8841	1.8756936736958933	0.4153005464480874	0.33896095062302317	No
xbr_1	xbr	0.01X	CarCor	221	166	57.105943152454785	48.111111111111114	0	Yes
xbr_1	xbr	0.25X	CarCat	261	8749	2.8967813540510545	1.4207650273224046	0.07769254046649786	No
xbr_1	xbr	0.5X	CarAqu	285	16099	1.739501953125	0.39556962025316456	0.34621127617119174	No
xbr_1	xbr	0.025X	CarIll	401	581	40.835030549898164	25.333333333333332	6.85914352458937e-142	Yes
xbr_1	xbr	0.025X	CarCor	491	491	50	31.333333333333332	8.205906429882693e-216	Yes
xbr_1	xbr	0.5X	CarCat	518	15866	3.16162109375	1.870253164556962	0.030724335036322808	No
xbr_1	xbr	0.05X	CarIll	817	1168	41.158690176322416	32.83333333333333	9.8499844797265e-237	Yes
xbr_1	xbr	0.05X	CarCor	1028	957	51.788413098236774	41.62500000000001	0	Yes
xbr_1	xbr	0.1X	CarIll	1487	2276	39.51634334307733	28.51	4.402892390797978e-179	Yes
xbr_1	xbr	0.1X	CarCor	1977	1786	52.537868721764546	38.31	0	Yes
xbr_1	xbr	0.25X	CarIll	3600	5410	39.95560488346282	37.91256830601093	0	Yes
xbr_1	xbr	0.25X	CarCor	4733	4277	52.53052164261931	50.295081967213115	0	Yes
xbr_1	xbr	0.5X	CarIll	6456	9928	39.404296875	39.45253164556962	0	Yes
xbr_1	xbr	0.5X	CarCor	8715	7669	53.192138671875	53.75	0	Yes
xbr_2	xbr	0.01X	CarOva	0	343	0	-1.4000000000000001	0.08075665923377102	No
xbr_2	xbr	0.01X	CarLac	1	342	0.2915451895043732	-1.0000000000000002	0.158655253931457	No
xbr_2	xbr	0.1X	CarLac	2	3442	0.05807200929152149	-1.7346938775510208	0.04139752065916752	No
xbr_2	xbr	0.01X	CarMyr	3	340	0.8746355685131195	-0.20000000000000007	0.42074029056089696	No
xbr_2	xbr	0.01X	CarPalm	3	340	0.8746355685131195	-0.20000000000000007	0.42074029056089696	No
xbr_2	xbr	0.025X	CarMyr	4	878	0.45351473922902497	-1	0.15865525393145705	No
xbr_2	xbr	0.025X	CarOva	4	878	0.45351473922902497	-1	0.15865525393145705	No
xbr_2	xbr	0.025X	CarPalm	4	878	0.45351473922902497	-1	0.15865525393145705	No
xbr_2	xbr	0.01X	CarCat	4	339	1.1661807580174928	0.19999999999999984	0.420740290560897	No
xbr_2	xbr	0.025X	CarLac	5	877	0.5668934240362812	-0.8181818181818182	0.2066266877468202	No
xbr_2	xbr	0.01X	CarAqu	6	337	1.749271137026239	0.9999999999999999	0.15865525393145705	No
xbr_2	xbr	0.05X	CarOva	7	1824	0.38230475150191157	-1.05	0.14685905637589589	No
xbr_2	xbr	0.05X	CarLac	8	1823	0.43691971600218454	-0.9500000000000002	0.17105612630848174	No
xbr_2	xbr	0.025X	CarAqu	14	868	1.5873015873015872	0.8181818181818179	0.20662668774682028	No
xbr_2	xbr	0.05X	CarPalm	15	1816	0.8192244675040962	-0.24999999999999983	0.40129367431707635	No
xbr_2	xbr	0.05X	CarMyr	16	1815	0.8738394320043691	-0.1500000000000001	0.44038230762975744	No
xbr_2	xbr	0.025X	CarCat	18	864	2.0408163265306123	1.545454545454545	0.061118177724005955	No
xbr_2	xbr	0.05X	CarAqu	19	1812	1.0376843255051884	0.1500000000000001	0.44038230762975744	No
xbr_2	xbr	0.1X	CarOva	20	3424	0.5807200929152149	-1.0000000000000004	0.15865525393145696	No
xbr_2	xbr	0.1X	CarPalm	21	3423	0.6097560975609756	-0.959183673469388	0.16873311190960713	No
xbr_2	xbr	0.25X	CarLac	22	8256	0.2657646774583233	-1.2447552447552448	0.10661086600789194	No
xbr_2	xbr	0.1X	CarMyr	24	3420	0.6968641114982579	-0.8367346938775514	0.20137085655809214	No
xbr_2	xbr	0.25X	CarOva	25	8253	0.3020053152935491	-1.202797202797203	0.11452740375997472	No
xbr_2	xbr	0.05X	CarCat	31	1800	1.6930638995084655	1.3500000000000005	0.08850799143740196	No
xbr_2	xbr	0.5X	CarLac	42	15536	0.2696109898574913	-1.2159090909090908	0.11200977731362542	No
xbr_2	xbr	0.5X	CarOva	44	15534	0.2824496084221338	-1.2007575757575757	0.11492262643627345	No
xbr_2	xbr	0.25X	CarMyr	54	8224	0.6523314810340662	-0.7972027972027972	0.21266663088178148	No
xbr_2	xbr	0.1X	CarCat	65	3379	1.8873403019744484	0.8367346938775511	0.2013708565580922	No
xbr_2	xbr	0.1X	CarAqu	69	3375	2.003484320557491	0.9999999999999998	0.15865525393145716	No
xbr_2	xbr	0.25X	CarPalm	93	8185	1.1234597728920028	-0.2517482517482517	0.4006178291543883	No
xbr_2	xbr	0.5X	CarMyr	97	15481	0.6226730003851586	-0.7992424242424242	0.21207492837740805	No
xbr_2	xbr	0.25X	CarCat	129	8149	1.5583474269147137	0.2517482517482517	0.4006178291543883	No
xbr_2	xbr	0.25X	CarAqu	137	8141	1.6549891278086495	0.36363636363636376	0.35806478442778267	No
xbr_2	xbr	0.01X	CarIll	145	198	42.27405247813411	56.599999999999994	0	Yes
xbr_2	xbr	0.5X	CarPalm	153	15425	0.9821543201951469	-0.37500000000000006	0.35383023332727614	No
xbr_2	xbr	0.01X	CarCor	181	162	52.76967930029155	71	0	Yes
xbr_2	xbr	0.5X	CarCat	252	15326	1.617665939144948	0.3749999999999999	0.35383023332727626	No
xbr_2	xbr	0.5X	CarAqu	268	15310	1.7203748876620875	0.49621212121212094	0.30987237997384504	No
xbr_2	xbr	0.025X	CarIll	359	523	40.702947845804985	63.54545454545454	0	Yes
xbr_2	xbr	0.025X	CarCor	474	408	53.74149659863946	84.45454545454545	0	Yes
xbr_2	xbr	0.05X	CarIll	773	1058	42.21736755871109	75.55000000000001	0	Yes
xbr_2	xbr	0.05X	CarCor	962	869	52.539595849262696	94.45000000000002	0	Yes
xbr_2	xbr	0.1X	CarIll	1417	2027	41.14401858304297	56.02040816326532	0	Yes
xbr_2	xbr	0.1X	CarCor	1826	1618	53.019744483159116	72.71428571428572	0	Yes
xbr_2	xbr	0.25X	CarIll	3298	4980	39.840541193525006	44.57342657342657	0	Yes
xbr_2	xbr	0.25X	CarCor	4520	3758	54.60256100507369	61.664335664335674	0	Yes
xbr_2	xbr	0.5X	CarIll	6264	9314	40.21055334446014	45.92045454545455	0	Yes
xbr_2	xbr	0.5X	CarCor	8458	7120	54.294517909872894	62.541666666666664	0	Yes
xbr_3	xbr	0.01X	CarLac	0	309	0	-1	0.15865525393145705	No
xbr_3	xbr	0.01X	CarMyr	0	309	0	-1	0.15865525393145705	No
xbr_3	xbr	0.01X	CarOva	1	308	0.3236245954692557	-0.7142857142857143	0.23752526202697646	No
xbr_3	xbr	0.05X	CarLac	1	1444	0.06920415224913494	-1.1481481481481484	0.12545370524930652	No
xbr_3	xbr	0.025X	CarLac	1	741	0.13477088948787064	-1	0.15865525393145705	No
xbr_3	xbr	0.025X	CarOva	1	741	0.13477088948787064	-1	0.15865525393145705	No
xbr_3	xbr	0.01X	CarCat	2	307	0.6472491909385114	-0.4285714285714285	0.3341175708976247	No
xbr_3	xbr	0.01X	CarPalm	5	304	1.6181229773462782	0.42857142857142855	0.3341175708976247	No
xbr_3	xbr	0.05X	CarOva	5	1440	0.34602076124567477	-0.851851851851852	0.19714816153420767	No
xbr_3	xbr	0.01X	CarAqu	7	302	2.26537216828479	1.0000000000000002	0.158655253931457	No
xbr_3	xbr	0.05X	CarMyr	7	1438	0.4844290657439446	-0.7037037037037039	0.24080865667926232	No
xbr_3	xbr	0.05X	CarPalm	7	1438	0.4844290657439446	-0.7037037037037039	0.24080865667926232	No
xbr_3	xbr	0.1X	CarLac	8	2807	0.2841918294849023	-1.1956521739130435	0.11591616107060668	No
xbr_3	xbr	0.1X	CarOva	8	2807	0.2841918294849023	-1.1956521739130435	0.11591616107060668	No
xbr_3	xbr	0.025X	CarPalm	9	733	1.2129380053908356	-0.27272727272727276	0.3925314342737797	No
xbr_3	xbr	0.025X	CarMyr	10	732	1.3477088948787064	-0.1818181818181818	0.4278627076600358	No
xbr_3	xbr	0.025X	CarCat	14	728	1.8867924528301887	0.18181818181818168	0.42786270766003587	No
xbr_3	xbr	0.25X	CarLac	23	7347	0.31207598371777473	-1.1129032258064517	0.13287499724235916	No
xbr_3	xbr	0.25X	CarOva	23	7347	0.31207598371777473	-1.1129032258064517	0.13287499724235916	No
xbr_3	xbr	0.1X	CarPalm	23	2792	0.8170515097690942	-0.5434782608695652	0.29340027732629115	No
xbr_3	xbr	0.025X	CarAqu	24	718	3.234501347708895	1.0909090909090908	0.13765644326098125	No
xbr_3	xbr	0.05X	CarCat	26	1419	1.799307958477509	0.7037037037037038	0.24080865667926232	No
xbr_3	xbr	0.1X	CarMyr	26	2789	0.9236234458259326	-0.41304347826086946	0.3397873796574675	No
xbr_3	xbr	0.05X	CarAqu	32	1413	2.214532871972318	1.148148148148148	0.12545370524930663	No
xbr_3	xbr	0.5X	CarLac	34	13348	0.25407263488267823	-1	0.15865525393145705	No
xbr_3	xbr	0.5X	CarOva	34	13348	0.25407263488267823	-1	0.15865525393145705	No
xbr_3	xbr	0.1X	CarAqu	45	2770	1.5985790408525755	0.41304347826086946	0.3397873796574675	No
xbr_3	xbr	0.1X	CarCat	54	2761	1.9182948490230907	0.8043478260869565	0.21059806199789505	No
xbr_3	xbr	0.25X	CarPalm	55	7315	0.7462686567164178	-0.5967741935483871	0.2753290748717243	No
xbr_3	xbr	0.25X	CarMyr	63	7307	0.8548168249660787	-0.467741935483871	0.31998457411760384	No
xbr_3	xbr	0.5X	CarMyr	86	13296	0.6426543117620684	-0.6045627376425855	0.27273478585619165	No
xbr_3	xbr	0.5X	CarPalm	102	13280	0.7622179046480347	-0.48288973384030415	0.31458701577144943	No
xbr_3	xbr	0.25X	CarCat	121	7249	1.6417910447761193	0.467741935483871	0.31998457411760384	No
xbr_3	xbr	0.01X	CarIll	127	182	41.10032362459547	35.28571428571429	4.863195762874807e-273	Yes
xbr_3	xbr	0.25X	CarAqu	147	7223	1.9945725915875168	0.8870967741935484	0.1875134003291005	No
xbr_3	xbr	0.01X	CarCor	167	142	54.0453074433657	46.714285714285715	0	Yes
xbr_3	xbr	0.5X	CarCat	229	13153	1.7112539231803916	0.48288973384030415	0.31458701577144943	No
xbr_3	xbr	0.025X	CarIll	290	452	39.083557951482476	25.27272727272727	3.186433494880699e-141	Yes
xbr_3	xbr	0.5X	CarAqu	304	13078	2.271708264833358	1.0532319391634979	0.14611735178721344	No
xbr_3	xbr	0.025X	CarCor	393	349	52.96495956873315	34.63636363636363	3.583578991829565e-263	Yes
xbr_3	xbr	0.05X	CarIll	601	844	41.5916955017301	43.2962962962963	0	Yes
xbr_3	xbr	0.05X	CarCor	766	679	53.010380622837374	55.51851851851853	0	Yes
xbr_3	xbr	0.1X	CarIll	1160	1655	41.207815275310836	48.891304347826086	0	Yes
xbr_3	xbr	0.1X	CarCor	1491	1324	52.96625222024866	63.282608695652165	0	Yes
xbr_3	xbr	0.25X	CarIll	2974	4396	40.35278154681139	46.483870967741936	0	Yes
xbr_3	xbr	0.25X	CarCor	3964	3406	53.78561736770692	62.45161290322581	0	Yes
xbr_3	xbr	0.5X	CarIll	5458	7924	40.786130623225226	40.24714828897338	0	Yes
xbr_3	xbr	0.5X	CarCor	7135	6247	53.31788970258556	53	0	Yes
xbrl_1	xbrl	0.01X	CarPalm	1	216	0.4608294930875576	-1.6250000000000002	0.05208127941521953	No
xbrl_1	xbrl	0.01X	CarCor	2	215	0.9216589861751152	-1.375	0.08456572235133572	No
xbrl_1	xbrl	0.01X	CarAqu	5	212	2.3041474654377883	-0.6250000000000001	0.26598552904870054	No
xbrl_1	xbrl	0.01X	CarMyr	7	210	3.225806451612903	-0.12500000000000022	0.450261775169887	No
xbrl_1	xbrl	0.01X	CarOva	8	209	3.686635944700461	0.12499999999999983	0.4502617751698872	No
xbrl_1	xbrl	0.025X	CarCor	8	538	1.465201465201465	-1.2	0.11506967022170828	No
xbrl_1	xbrl	0.025X	CarPalm	9	537	1.6483516483516485	-1.0666666666666667	0.14306119219550906	No
xbrl_1	xbrl	0.025X	CarOva	10	536	1.8315018315018317	-0.9333333333333333	0.1753239448522295	No
xbrl_1	xbrl	0.01X	CarCat	11	206	5.0691244239631335	0.875	0.19078695285251063	No
xbrl_1	xbrl	0.01X	CarLac	12	205	5.529953917050691	1.125	0.13029451713680884	No
xbrl_1	xbrl	0.025X	CarMyr	13	533	2.380952380952381	-0.5333333333333334	0.2969014286038512	No
xbrl_1	xbrl	0.05X	CarCor	18	1147	1.5450643776824033	-1.6399999999999995	0.05050258347410377	No
xbrl_1	xbrl	0.025X	CarAqu	21	525	3.8461538461538463	0.5333333333333334	0.2969014286038512	No
xbrl_1	xbrl	0.05X	CarPalm	22	1143	1.888412017167382	-1.3199999999999998	0.09341750899347182	No
xbrl_1	xbrl	0.025X	CarCat	23	523	4.212454212454213	0.8000000000000002	0.2118553985833966	No
xbrl_1	xbrl	0.05X	CarMyr	30	1135	2.575107296137339	-0.68	0.24825223045357053	No
xbrl_1	xbrl	0.05X	CarAqu	38	1127	3.2618025751072963	-0.04000000000000027	0.48404656314716915	No
xbrl_1	xbrl	0.05X	CarCat	39	1126	3.347639484978541	0.039999999999999626	0.4840465631471694	No
xbrl_1	xbrl	0.1X	CarCor	39	2273	1.6868512110726646	-1.3793103448275863	0.08389954417773608	No
xbrl_1	xbrl	0.1X	CarPalm	41	2271	1.7733564013840832	-1.3103448275862069	0.09503960449887171	No
xbrl_1	xbrl	0.05X	CarOva	42	1123	3.6051502145922747	0.2799999999999993	0.3897387524442031	No
xbrl_1	xbrl	0.1X	CarMyr	59	2253	2.551903114186851	-0.6896551724137931	0.24520553128130487	No
xbrl_1	xbrl	0.025X	CarLac	60	486	10.989010989010989	5.733333333333333	4.9237914733822515e-9	Yes
xbrl_1	xbrl	0.1X	CarOva	64	2248	2.768166089965398	-0.5172413793103446	0.30249383483825176	No
xbrl_1	xbrl	0.25X	CarPalm	92	5299	1.7065479502875163	-1.5221238938053099	0.06398902002869841	No
xbrl_1	xbrl	0.25X	CarCor	94	5297	1.7436468187720273	-1.4867256637168145	0.06854364083916833	No
xbrl_1	xbrl	0.1X	CarAqu	94	2218	4.065743944636678	0.5172413793103452	0.3024938348382515	No
xbrl_1	xbrl	0.1X	CarCat	95	2217	4.108996539792387	0.5517241379310348	0.2905686848333	No
xbrl_1	xbrl	0.05X	CarLac	105	1060	9.012875536480687	5.319999999999998	5.188362601842493e-8	Yes
xbrl_1	xbrl	0.25X	CarMyr	149	5242	2.763865702096086	-0.5132743362831855	0.303879716675874	No
xbrl_1	xbrl	0.5X	CarCor	157	9508	1.6244180031039834	-1.5113122171945705	0.06535446134950332	No
xbrl_1	xbrl	0.25X	CarOva	160	5231	2.9679094787608977	-0.31858407079646	0.3750209670908995	No
xbrl_1	xbrl	0.01X	CarIll	171	46	78.80184331797236	40.875	0	Yes
xbrl_1	xbrl	0.5X	CarPalm	171	9494	1.7692705638903259	-1.384615384615385	0.08308505234143798	No
xbrl_1	xbrl	0.25X	CarAqu	196	5195	3.6356891114820997	0.31858407079646034	0.3750209670908994	No
xbrl_1	xbrl	0.25X	CarCat	200	5191	3.7098868484511223	0.3893805309734518	0.34849733596675814	No
xbrl_1	xbrl	0.1X	CarLac	227	2085	9.818339100346021	5.103448275862071	1.667598501877315e-7	Yes
xbrl_1	xbrl	0.5X	CarMyr	259	9406	2.679772374547336	-0.5882352941176473	0.2781871852134533	No
xbrl_1	xbrl	0.5X	CarOva	307	9358	3.176409725814796	-0.15384615384615388	0.438865520750858	No
xbrl_1	xbrl	0.5X	CarAqu	341	9324	3.5281945162959127	0.1538461538461533	0.4388655207508583	No
xbrl_1	xbrl	0.5X	CarCat	392	9273	4.055871702017589	0.615384615384615	0.26915037450936163	No
xbrl_1	xbrl	0.025X	CarIll	402	144	73.62637362637363	51.333333333333336	0	Yes
xbrl_1	xbrl	0.25X	CarLac	448	4943	8.310146540530514	4.778761061946904	8.8189322612047e-7	Yes
xbrl_1	xbrl	0.5X	CarLac	846	8819	8.75323331608898	4.723981900452489	1.156355045458879e-6	Yes
xbrl_1	xbrl	0.05X	CarIll	871	294	74.76394849785409	66.59999999999997	0	Yes
xbrl_1	xbrl	0.1X	CarIll	1693	619	73.22664359861591	55.65517241379312	0	Yes
xbrl_1	xbrl	0.25X	CarIll	4052	1339	75.16230754961974	68.56637168141594	0	Yes
xbrl_1	xbrl	0.5X	CarIll	7192	2473	74.41282979824108	62.15384615384617	0	Yes
xila_1	xila	0.01X	CarLac	1	453	0.22026431718061676	-1.2500000000000004	0.10564977366685518	No
xila_1	xila	0.025X	CarLac	2	1132	0.1763668430335097	-1.125	0.13029451713680884	No
xila_1	xila	0.01X	CarMyr	2	452	0.4405286343612335	-0.7500000000000002	0.22662735237686812	No
xila_1	xila	0.01X	CarOva	2	452	0.4405286343612335	-0.7500000000000002	0.22662735237686812	No
xila_1	xila	0.025X	CarOva	3	1131	0.26455026455026454	-0.875	0.19078695285251063	No
xila_1	xila	0.05X	CarOva	3	2425	0.12355848434925865	-1.608695652173913	0.053841453488561036	No
xila_1	xila	0.01X	CarPalm	3	451	0.6607929515418502	-0.2500000000000002	0.4012936743170762	No
xila_1	xila	0.025X	CarMyr	4	1130	0.3527336860670194	-0.625	0.26598552904870054	No
xila_1	xila	0.01X	CarCor	4	450	0.881057268722467	0.25	0.4012936743170763	No
xila_1	xila	0.025X	CarCor	6	1128	0.5291005291005291	-0.125	0.45026177516988714	No
xila_1	xila	0.01X	CarCat	6	448	1.3215859030837005	1.25	0.10564977366685524	No
xila_1	xila	0.025X	CarPalm	7	1127	0.6172839506172839	0.125	0.45026177516988714	No
xila_1	xila	0.1X	CarOva	9	4345	0.20670647680293983	-1.2692307692307692	0.10217938495690165	No
xila_1	xila	0.05X	CarLac	11	2417	0.4530477759472817	-0.9130434782608697	0.18060983760704194	No
xila_1	xila	0.1X	CarLac	12	4342	0.2756086357372531	-1.1538461538461537	0.1242816241085911	No
xila_1	xila	0.025X	CarCat	13	1121	1.1463844797178129	1.625	0.05208127941521956	No
xila_1	xila	0.05X	CarMyr	15	2413	0.6177924217462932	-0.565217391304348	0.2859629544688287	No
xila_1	xila	0.05X	CarPalm	15	2413	0.6177924217462932	-0.565217391304348	0.2859629544688287	No
xila_1	xila	0.25X	CarOva	17	10277	0.16514474451136585	-1.0483870967741935	0.147230148003452	No
xila_1	xila	0.01X	CarAqu	17	437	3.7444933920704844	6.75	7.392257778017823e-12	Yes
xila_1	xila	0.1X	CarMyr	20	4334	0.45934772622875514	-0.8461538461538461	0.19873346271129633	No
xila_1	xila	0.25X	CarLac	23	10271	0.22343112492714204	-0.9516129032258064	0.17064666759267763	No
xila_1	xila	0.5X	CarOva	28	18978	0.14732189834789014	-1.1218487394957983	0.13096337945049366	No
xila_1	xila	0.05X	CarCat	28	2400	1.1532125205930808	0.5652173913043477	0.2859629544688288	No
xila_1	xila	0.05X	CarCor	34	2394	1.400329489291598	1.08695652173913	0.13852801251631025	No
xila_1	xila	0.025X	CarAqu	36	1098	3.1746031746031744	7.375	8.217252607584339e-14	Yes
xila_1	xila	0.1X	CarPalm	38	4316	0.8727606798346348	-0.153846153846154	0.43886552075085794	No
xila_1	xila	0.1X	CarCor	46	4308	1.056499770326137	0.1538461538461537	0.4388655207508581	No
xila_1	xila	0.5X	CarLac	51	18955	0.26833631484794274	-0.9285714285714285	0.17655561725300278	No
xila_1	xila	0.25X	CarMyr	60	10234	0.5828638041577617	-0.35483870967741943	0.36135521340513843	No
xila_1	xila	0.25X	CarPalm	61	10233	0.5925782008937245	-0.33870967741935487	0.3674142248215748	No
xila_1	xila	0.1X	CarCat	62	4292	1.423977951309141	0.769230769230769	0.22087816371245977	No
xila_1	xila	0.05X	CarAqu	78	2350	3.2125205930807246	4.913043478260868	4.4836690616260516e-7	Yes
xila_1	xila	0.5X	CarMyr	84	18922	0.44196569504367045	-0.6512605042016807	0.25743916962912194	No
xila_1	xila	0.25X	CarCor	103	10191	1.0005828638041578	0.3387096774193547	0.36741422482157493	No
xila_1	xila	0.5X	CarPalm	120	18886	0.6313795643481006	-0.34873949579831937	0.3636424450848379	No
xila_1	xila	0.1X	CarAqu	148	4206	3.3991731740927884	4.076923076923077	2.281779086050886e-5	Yes
xila_1	xila	0.25X	CarCat	152	10142	1.4765883038663299	1.129032258064516	0.1294421129738073	No
xila_1	xila	0.5X	CarCor	203	18803	1.0680837630222035	0.3487394957983192	0.36364244508483795	No
xila_1	xila	0.5X	CarCat	289	18717	1.520572450805009	1.0714285714285714	0.14198838587545584	No
xila_1	xila	0.25X	CarAqu	337	9957	3.273751700019429	4.112903225806451	1.953571009049734e-5	Yes
xila_1	xila	0.01X	CarIll	419	35	92.29074889867842	207.75	0	Yes
xila_1	xila	0.5X	CarAqu	610	18396	3.2095127854361785	3.7689075630252105	8.198179509276525e-5	Yes
xila_1	xila	0.025X	CarIll	1063	71	93.7389770723104	264.125	0	Yes
xila_1	xila	0.05X	CarIll	2244	184	92.42174629324546	193.26086956521738	0	Yes
xila_1	xila	0.1X	CarIll	4019	335	92.30592558566835	152.96153846153842	0	Yes
xila_1	xila	0.25X	CarIll	9541	753	92.68505925782009	152.56451612903223	0	Yes
xila_1	xila	0.5X	CarIll	17621	1385	92.712827528149	146.718487394958	0	Yes
xila_2	xila	0.01X	CarLac	0	461	0	-2.333333333333333	0.00981532862864535	No
xila_2	xila	0.025X	CarOva	2	1218	0.16393442622950818	-1.4545454545454544	0.07289757047598805	No
xila_2	xila	0.01X	CarMyr	2	459	0.43383947939262474	-1	0.15865525393145705	No
xila_2	xila	0.01X	CarOva	2	459	0.43383947939262474	-1	0.15865525393145705	No
xila_2	xila	0.01X	CarCat	3	458	0.6507592190889371	-0.33333333333333354	0.36944134018176356	No
xila_2	xila	0.01X	CarCor	4	457	0.8676789587852495	0.33333333333333326	0.36944134018176367	No
xila_2	xila	0.01X	CarPalm	5	456	1.0845986984815619	0.9999999999999998	0.15865525393145716	No
xila_2	xila	0.05X	CarLac	6	2293	0.26098303610265333	-1.0384615384615385	0.14952761625368036	No
xila_2	xila	0.05X	CarOva	7	2292	0.3044802087864289	-0.9615384615384617	0.16814074823033867	No
xila_2	xila	0.025X	CarLac	7	1213	0.5737704918032787	-0.5454545454545455	0.29272046728446355	No
xila_2	xila	0.025X	CarMyr	8	1212	0.6557377049180327	-0.3636363636363637	0.35806478442778267	No
xila_2	xila	0.05X	CarMyr	9	2290	0.39147455415397997	-0.8076923076923078	0.20963386646019683	No
xila_2	xila	0.025X	CarPalm	9	1211	0.7377049180327869	-0.18181818181818185	0.42786270766003576	No
xila_2	xila	0.1X	CarOva	10	4564	0.21862702229995626	-1.1666666666666667	0.12167250457438122	No
xila_2	xila	0.025X	CarCor	11	1209	0.9016393442622952	0.18181818181818185	0.42786270766003576	No
xila_2	xila	0.25X	CarOva	14	10918	0.12806439809732895	-1.2692307692307692	0.10217938495690165	No
xila_2	xila	0.05X	CarCor	16	2283	0.6959547629404089	-0.26923076923076933	0.3938760518572383	No
xila_2	xila	0.1X	CarLac	18	4556	0.3935286401399213	-0.8333333333333334	0.20232838096364303	No
xila_2	xila	0.05X	CarPalm	23	2276	1.0004349717268377	0.26923076923076916	0.39387605185723834	No
xila_2	xila	0.1X	CarMyr	24	4550	0.524704853519895	-0.5833333333333333	0.27983446359970576	No
xila_2	xila	0.025X	CarCat	27	1193	2.2131147540983607	3.0909090909090904	9.977235862879126e-4	Yes
xila_2	xila	0.5X	CarOva	28	19828	0.14101531023368252	-1.1107142857142858	0.1333456755625631	No
xila_2	xila	0.01X	CarAqu	28	433	6.073752711496746	16.333333333333332	2.858669206683803e-60	Yes
xila_2	xila	0.1X	CarPalm	30	4544	0.6558810668998688	-0.3333333333333333	0.36944134018176367	No
xila_2	xila	0.025X	CarAqu	33	1187	2.7049180327868854	4.181818181818182	1.4459359551617171e-5	Yes
xila_2	xila	0.25X	CarLac	46	10886	0.4207830223197951	-0.7769230769230769	0.21860207762666797	No
xila_2	xila	0.1X	CarCor	46	4528	1.0056843025797988	0.3333333333333333	0.36944134018176367	No
xila_2	xila	0.25X	CarMyr	50	10882	0.45737285034760333	-0.7153846153846154	0.2371857081110455	No
xila_2	xila	0.5X	CarLac	53	19803	0.26692183722804186	-0.9321428571428572	0.17563135103625346	No
xila_2	xila	0.05X	CarCat	54	2245	2.34884732492388	2.6538461538461537	0.003979005029073089	Yes
xila_2	xila	0.05X	CarAqu	67	2232	2.914310569812962	3.653846153846154	1.291705491674739e-4	Yes
xila_2	xila	0.1X	CarCat	77	4497	1.6834280717096632	1.625	0.05208127941521956	No
xila_2	xila	0.25X	CarPalm	79	10853	0.7226491035492133	-0.2692307692307692	0.39387605185723834	No
xila_2	xila	0.5X	CarMyr	99	19757	0.49858984689766317	-0.6035714285714286	0.2730643065923341	No
xila_2	xila	0.25X	CarCor	114	10818	1.0428100987925357	0.2692307692307692	0.39387605185723834	No
xila_2	xila	0.1X	CarAqu	149	4425	3.257542632269349	4.625000000000002	1.872992005556693e-6	Yes
xila_2	xila	0.5X	CarPalm	156	19700	0.7856567284448026	-0.19642857142857145	0.4221373675380262	No
xila_2	xila	0.25X	CarCat	176	10756	1.609952433223564	1.223076923076923	0.11065032191965157	No
xila_2	xila	0.5X	CarCor	211	19645	1.0626510878323934	0.19642857142857145	0.4221373675380262	No
xila_2	xila	0.5X	CarCat	333	19523	1.6770749395648672	1.0678571428571428	0.14279247858850988	No
xila_2	xila	0.25X	CarAqu	359	10573	3.2839370654957922	4.038461538461538	2.690145643273585e-5	Yes
xila_2	xila	0.01X	CarIll	417	44	90.45553145336225	275.66666666666663	0	Yes
xila_2	xila	0.5X	CarAqu	604	19252	3.041901692183723	3.0035714285714286	0.0013341545259614883	Yes
xila_2	xila	0.025X	CarIll	1123	97	92.04918032786885	202.36363636363635	0	Yes
xila_2	xila	0.05X	CarIll	2117	182	92.08351457155285	161.34615384615387	0	Yes
xila_2	xila	0.1X	CarIll	4220	354	92.26060341058154	174.25	0	Yes
xila_2	xila	0.25X	CarIll	10094	838	92.33443102817417	153.8076923076923	0	Yes
xila_2	xila	0.5X	CarIll	18372	1484	92.52618855761483	129.91785714285714	0	Yes
xio_1	xio	0.01X	CarCor	2	262	0.7575757575757576	-1.1666666666666665	0.12167250457438125	No
xio_1	xio	0.01X	CarPalm	2	262	0.7575757575757576	-1.1666666666666665	0.12167250457438125	No
xio_1	xio	0.01X	CarLac	5	259	1.893939393939394	-0.6666666666666665	0.25249253754692297	No
xio_1	xio	0.01X	CarAqu	6	258	2.272727272727273	-0.49999999999999983	0.308537538725987	No
xio_1	xio	0.025X	CarPalm	10	575	1.7094017094017095	-1.2	0.11506967022170828	No
xio_1	xio	0.01X	CarMyr	12	252	4.545454545454546	0.5000000000000001	0.3085375387259869	No
xio_1	xio	0.025X	CarAqu	12	573	2.051282051282051	-0.8	0.21185539858339666	No
xio_1	xio	0.01X	CarCat	14	250	5.303030303030303	0.8333333333333335	0.20232838096364297	No
xio_1	xio	0.01X	CarOva	16	248	6.0606060606060606	1.1666666666666667	0.12167250457438122	No
xio_1	xio	0.05X	CarPalm	16	1142	1.381692573402418	-1.4848484848484849	0.06879198247347323	No
xio_1	xio	0.025X	CarCat	16	569	2.735042735042735	0	0.5	No
xio_1	xio	0.025X	CarCor	16	569	2.735042735042735	0	0.5	No
xio_1	xio	0.025X	CarMyr	16	569	2.735042735042735	0	0.5	No
xio_1	xio	0.05X	CarCor	19	1139	1.6407599309153715	-1.3030303030303028	0.09628220813361964	No
xio_1	xio	0.1X	CarCor	23	2236	1.018149623727313	-1.9200000000000002	0.02742894970383681	No
xio_1	xio	0.025X	CarLac	23	562	3.9316239316239314	1.4000000000000001	0.08075665923377102	No
xio_1	xio	0.05X	CarAqu	33	1125	2.849740932642487	-0.4545454545454544	0.32471814186337733	No
xio_1	xio	0.05X	CarMyr	39	1119	3.3678756476683938	-0.09090909090909075	0.46378241330310566	No
xio_1	xio	0.05X	CarLac	42	1116	3.6269430051813467	0.09090909090909075	0.46378241330310566	No
xio_1	xio	0.1X	CarMyr	44	2215	1.9477644975652944	-1.08	0.14007109008876903	No
xio_1	xio	0.025X	CarOva	46	539	7.863247863247863	6	9.86587645037698e-10	Yes
xio_1	xio	0.1X	CarPalm	48	2211	2.1248339973439574	-0.92	0.17878637961437174	No
xio_1	xio	0.05X	CarCat	52	1106	4.490500863557859	0.6969696969696971	0.2429108790940443	No
xio_1	xio	0.1X	CarAqu	64	2195	2.83311199645861	-0.27999999999999964	0.389738752444203	No
xio_1	xio	0.05X	CarOva	72	1086	6.217616580310881	1.909090909090909	0.02812518264098344	No
xio_1	xio	0.25X	CarCor	75	5221	1.4161631419939578	-1.2682926829268293	0.10234672455741851	No
xio_1	xio	0.1X	CarCat	78	2181	3.4528552456839305	0.28000000000000025	0.3897387524442027	No
xio_1	xio	0.1X	CarLac	83	2176	3.6741921204072594	0.48000000000000037	0.31561369651622245	No
xio_1	xio	0.25X	CarMyr	93	5203	1.7560422960725075	-1.048780487804878	0.14713957994556542	No
xio_1	xio	0.25X	CarPalm	101	5195	1.9070996978851964	-0.9512195121951219	0.17074647767188222	No
xio_1	xio	0.1X	CarOva	143	2116	6.330234617087206	2.880000000000001	0.0019883758548943204	Yes
xio_1	xio	0.5X	CarCor	147	9470	1.5285432047416034	-1.7894736842105259	0.03676928095161982	No
xio_1	xio	0.25X	CarLac	164	5132	3.096676737160121	-0.18292682926829293	0.42742771568192284	No
xio_1	xio	0.25X	CarAqu	194	5102	3.663141993957704	0.18292682926829246	0.42742771568192306	No
xio_1	xio	0.25X	CarCat	202	5094	3.814199395770393	0.28048780487804864	0.3895516402097485	No
xio_1	xio	0.01X	CarIll	207	57	78.4090909090909	33	4.061185620915856e-239	Yes
xio_1	xio	0.5X	CarPalm	207	9410	2.152438390350421	-1.087719298245614	0.13835952280622862	No
xio_1	xio	0.5X	CarMyr	222	9395	2.3084121867526255	-0.912280701754386	0.1808104852785051	No
xio_1	xio	0.5X	CarLac	298	9319	3.098679421857128	-0.023391812865497255	0.49066886780381996	No
xio_1	xio	0.5X	CarAqu	302	9315	3.1402724342310493	0.023391812865496867	0.4906688678038201	No
xio_1	xio	0.5X	CarCat	331	9286	3.4418217739419776	0.36257309941520416	0.35846190415380164	No
xio_1	xio	0.25X	CarOva	391	4905	7.382930513595166	2.585365853658536	0.004863785880375831	Yes
xio_1	xio	0.025X	CarIll	446	139	76.23931623931624	86	0	Yes
xio_1	xio	0.5X	CarOva	677	8940	7.03961734428616	4.409356725146197	5.183906183356929e-6	Yes
xio_1	xio	0.05X	CarIll	885	273	76.42487046632125	51.18181818181818	0	Yes
xio_1	xio	0.1X	CarIll	1776	483	78.61885790172643	68.20000000000002	0	Yes
xio_1	xio	0.25X	CarIll	4076	1220	76.96374622356495	47.52439024390243	0	Yes
xio_1	xio	0.5X	CarIll	7433	2184	77.29021524383903	83.42690058479529	0	Yes
xlc_1	xlc	0.01X	CarLac	0	429	0	-1.4000000000000001	0.08075665923377102	No
xlc_1	xlc	0.025X	CarLac	1	1180	0.0846740050804403	-1.0666666666666669	0.14306119219550903	No
xlc_1	xlc	0.01X	CarCor	1	428	0.2331002331002331	-1	0.15865525393145705	No
xlc_1	xlc	0.01X	CarOva	1	428	0.2331002331002331	-1	0.15865525393145705	No
xlc_1	xlc	0.025X	CarOva	2	1179	0.1693480101608806	-0.9333333333333333	0.1753239448522295	No
xlc_1	xlc	0.01X	CarMyr	3	426	0.6993006993006993	-0.19999999999999993	0.420740290560897	No
xlc_1	xlc	0.025X	CarMyr	4	1177	0.3386960203217612	-0.6666666666666666	0.2524925375469229	No
xlc_1	xlc	0.01X	CarCat	4	425	0.9324009324009324	0.2000000000000001	0.4207402905608969	No
xlc_1	xlc	0.01X	CarPalm	4	425	0.9324009324009324	0.2000000000000001	0.4207402905608969	No
xlc_1	xlc	0.05X	CarOva	4	2284	0.17482517482517482	-1.1025641025641026	0.13510825325398565	No
xlc_1	xlc	0.025X	CarCor	5	1176	0.42337002540220153	-0.5333333333333334	0.2969014286038512	No
xlc_1	xlc	0.05X	CarLac	8	2280	0.34965034965034963	-0.8974358974358975	0.1847431823097709	No
xlc_1	xlc	0.05X	CarMyr	8	2280	0.34965034965034963	-0.8974358974358975	0.1847431823097709	No
xlc_1	xlc	0.1X	CarOva	12	4304	0.27803521779425394	-1.0363636363636364	0.1500162641422802	No
xlc_1	xlc	0.025X	CarPalm	13	1168	1.100762066045724	0.5333333333333334	0.2969014286038512	No
xlc_1	xlc	0.1X	CarLac	14	4302	0.3243744207599629	-0.9636363636363635	0.1676141345036933	No
xlc_1	xlc	0.05X	CarCor	15	2273	0.6555944055944056	-0.5384615384615384	0.295129225657386	No
xlc_1	xlc	0.1X	CarCor	20	4296	0.46339202965708987	-0.7454545454545454	0.22799849000761957	No
xlc_1	xlc	0.025X	CarCat	21	1160	1.7781541066892466	1.6	0.054799291699557974	No
xlc_1	xlc	0.25X	CarOva	28	10308	0.2708978328173375	-1.0155038759689923	0.15493284994108172	No
xlc_1	xlc	0.1X	CarMyr	30	4286	0.6950880444856349	-0.3818181818181817	0.3512981157800156	No
xlc_1	xlc	0.25X	CarLac	30	10306	0.29024767801857587	-0.9844961240310077	0.1624358181360009	No
xlc_1	xlc	0.5X	CarOva	32	18669	0.17111384417945566	-1.1155778894472361	0.13230143042471254	No
xlc_1	xlc	0.05X	CarPalm	36	2252	1.5734265734265735	0.5384615384615384	0.295129225657386	No
xlc_1	xlc	0.5X	CarLac	42	18659	0.22458692048553555	-1.015075376884422	0.15503494900490786	No
xlc_1	xlc	0.25X	CarMyr	43	10293	0.4160216718266254	-0.7829457364341085	0.21682948900474058	No
xlc_1	xlc	0.1X	CarPalm	51	4265	1.1816496756255792	0.38181818181818183	0.3512981157800155	No
xlc_1	xlc	0.05X	CarCat	53	2235	2.3164335664335662	1.41025641025641	0.0792319922695047	No
xlc_1	xlc	0.25X	CarCor	60	10276	0.5804953560371517	-0.5193798449612403	0.3017479417717706	No
xlc_1	xlc	0.1X	CarCat	72	4244	1.6682113067655238	1.1454545454545457	0.12601045717525688	No
xlc_1	xlc	0.01X	CarAqu	84	345	19.58041958041958	32.2	8.824518694239594e-228	Yes
xlc_1	xlc	0.5X	CarMyr	90	18611	0.481257686754719	-0.5326633165829145	0.29713333192343905	No
xlc_1	xlc	0.5X	CarCor	104	18597	0.5561199935832308	-0.39195979899497485	0.34754395882395617	No
xlc_1	xlc	0.25X	CarPalm	127	10209	1.2287151702786376	0.5193798449612402	0.30174794177177067	No
xlc_1	xlc	0.25X	CarCat	162	10174	1.5673374613003097	1.062015503875969	0.14411432344047076	No
xlc_1	xlc	0.5X	CarPalm	182	18519	0.9732099887706539	0.39195979899497485	0.34754395882395617	No
xlc_1	xlc	0.025X	CarAqu	206	975	17.442845046570703	26.26666666666667	2.305648112039423e-152	Yes
xlc_1	xlc	0.5X	CarCat	241	18460	1.2887011389765253	0.9849246231155779	0.16233054873287328	No
xlc_1	xlc	0.01X	CarIll	332	97	77.3892773892774	131.4	0	Yes
xlc_1	xlc	0.05X	CarAqu	463	1825	20.236013986013987	22.435897435897434	8.786407488923651e-112	Yes
xlc_1	xlc	0.1X	CarAqu	794	3522	18.39666357738647	27.4	1.3712616389463294e-165	Yes
xlc_1	xlc	0.025X	CarIll	929	252	78.66215071972904	122.66666666666666	0	Yes
xlc_1	xlc	0.05X	CarIll	1701	587	74.3444055944056	85.9230769230769	0	Yes
xlc_1	xlc	0.25X	CarAqu	2013	8323	19.47561919504644	29.759689922480618	6.49674778266445e-195	Yes
xlc_1	xlc	0.1X	CarIll	3323	993	76.99258572752548	119.36363636363637	0	Yes
xlc_1	xlc	0.5X	CarAqu	3476	15225	18.58724132399337	33.49748743718593	2.621646048182471e-246	Yes
xlc_1	xlc	0.25X	CarIll	7873	2463	76.17066563467493	120.6124031007752	0	Yes
xlc_1	xlc	0.5X	CarIll	14534	4167	77.7177691032565	144.63316582914572	0	Yes
xlc_2	xlc	0.01X	CarLac	0	178	0	-1	0.15865525393145705	No
xlc_2	xlc	0.01X	CarPalm	0	178	0	-1	0.15865525393145705	No
xlc_2	xlc	0.025X	CarMyr	0	357	0	-1	0.15865525393145705	No
xlc_2	xlc	0.025X	CarOva	0	357	0	-1	0.15865525393145705	No
xlc_2	xlc	0.05X	CarOva	0	741	0	-1.4615384615384617	0.0719338642408076	No
xlc_2	xlc	0.01X	CarCor	1	177	0.5617977528089888	0	0.5	No
xlc_2	xlc	0.01X	CarMyr	1	177	0.5617977528089888	0	0.5	No
xlc_2	xlc	0.01X	CarOva	1	177	0.5617977528089888	0	0.5	No
xlc_2	xlc	0.025X	CarLac	2	355	0.5602240896358543	-0.3333333333333333	0.36944134018176367	No
xlc_2	xlc	0.025X	CarPalm	2	355	0.5602240896358543	-0.3333333333333333	0.36944134018176367	No
xlc_2	xlc	0.01X	CarCat	3	175	1.6853932584269662	2	0.022750131948179212	No
xlc_2	xlc	0.1X	CarLac	3	1433	0.20891364902506965	-1.1428571428571428	0.1265489544735578	No
xlc_2	xlc	0.05X	CarCor	3	738	0.4048582995951417	-1	0.15865525393145705	No
xlc_2	xlc	0.025X	CarCor	4	353	1.1204481792717087	0.3333333333333334	0.3694413401817636	No
xlc_2	xlc	0.1X	CarOva	5	1431	0.34818941504178275	-0.8571428571428572	0.195682969153776	No
xlc_2	xlc	0.05X	CarMyr	6	735	0.8097165991902834	-0.5384615384615384	0.295129225657386	No
xlc_2	xlc	0.05X	CarPalm	6	735	0.8097165991902834	-0.5384615384615384	0.295129225657386	No
xlc_2	xlc	0.25X	CarLac	7	3622	0.19289060347203085	-1.2173913043478262	0.1117276849704832	No
xlc_2	xlc	0.1X	CarCor	9	1427	0.6267409470752089	-0.2857142857142858	0.38754848109799234	No
xlc_2	xlc	0.1X	CarPalm	9	1427	0.6267409470752089	-0.2857142857142858	0.38754848109799234	No
xlc_2	xlc	0.25X	CarOva	12	3617	0.3306696059520529	-0.782608695652174	0.2169284667785207	No
xlc_2	xlc	0.025X	CarCat	12	345	3.361344537815126	3	0.0013498980316300946	Yes
xlc_2	xlc	0.1X	CarMyr	13	1423	0.9052924791086351	0.2857142857142856	0.3875484810979924	No
xlc_2	xlc	0.05X	CarLac	13	728	1.7543859649122806	0.5384615384615384	0.295129225657386	No
xlc_2	xlc	0.5X	CarOva	14	6904	0.2023706273489448	-1.3913043478260871	0.08206657797854627	No
xlc_2	xlc	0.25X	CarCor	15	3614	0.4133370074400662	-0.5217391304347825	0.30092598788527447	No
xlc_2	xlc	0.25X	CarPalm	16	3613	0.4408928079360706	-0.4347826086956521	0.33186011482280114	No
xlc_2	xlc	0.05X	CarCat	16	725	2.1592442645074224	1	0.15865525393145705	No
xlc_2	xlc	0.1X	CarCat	20	1416	1.392757660167131	1.2857142857142854	0.09927139684333108	No
xlc_2	xlc	0.25X	CarMyr	26	3603	0.7164508128961147	0.4347826086956521	0.33186011482280114	No
xlc_2	xlc	0.5X	CarCor	32	6886	0.46256143394044524	-0.6086956521739129	0.27136309472258613	No
xlc_2	xlc	0.5X	CarLac	37	6881	0.5348366579936398	-0.391304347826087	0.34778614273902875	No
xlc_2	xlc	0.5X	CarPalm	42	6876	0.6071118820468344	-0.17391304347826075	0.43096690081487854	No
xlc_2	xlc	0.5X	CarMyr	50	6868	0.7227522405319456	0.17391304347826075	0.43096690081487854	No
xlc_2	xlc	0.25X	CarCat	52	3577	1.4329016257922293	2.6956521739130435	0.003512549055645541	Yes
xlc_2	xlc	0.01X	CarIll	58	120	32.58426966292135	57	0	Yes
xlc_2	xlc	0.5X	CarCat	108	6810	1.5611448395490026	2.695652173913044	0.0035125490556455357	Yes
xlc_2	xlc	0.01X	CarAqu	114	64	64.04494382022472	113	0	Yes
xlc_2	xlc	0.025X	CarIll	152	205	42.57703081232493	49.666666666666664	0	Yes
xlc_2	xlc	0.025X	CarAqu	185	172	51.820728291316534	60.66666666666668	0	Yes
xlc_2	xlc	0.05X	CarIll	317	424	42.7800269905533	47.30769230769231	0	Yes
xlc_2	xlc	0.05X	CarAqu	380	361	51.28205128205128	57	0	Yes
xlc_2	xlc	0.1X	CarIll	620	816	43.17548746518106	86.99999999999997	0	Yes
xlc_2	xlc	0.1X	CarAqu	757	679	52.71587743732591	106.57142857142856	0	Yes
xlc_2	xlc	0.25X	CarIll	1566	2063	43.152383576742906	134.3478260869565	0	Yes
xlc_2	xlc	0.25X	CarAqu	1935	1694	53.320473959768535	166.43478260869566	0	Yes
xlc_2	xlc	0.5X	CarIll	2973	3945	42.974848222029486	127.26086956521739	0	Yes
xlc_2	xlc	0.5X	CarAqu	3662	3256	52.9343740965597	157.2173913043478	0	Yes
xlc_3	xlc	0.01X	CarLac	0	520	0	-1.5	0.06680720126885807	No
xlc_3	xlc	0.01X	CarOva	2	518	0.38461538461538464	-0.5	0.30853753872598694	No
xlc_3	xlc	0.01X	CarPalm	2	518	0.38461538461538464	-0.5	0.30853753872598694	No
xlc_3	xlc	0.01X	CarCor	3	517	0.576923076923077	0	0.5	No
xlc_3	xlc	0.01X	CarMyr	3	517	0.576923076923077	0	0.5	No
xlc_3	xlc	0.025X	CarLac	3	1286	0.23273855702094648	-1.125	0.13029451713680884	No
xlc_3	xlc	0.025X	CarPalm	4	1285	0.3103180760279286	-0.8749999999999999	0.19078695285251066	No
xlc_3	xlc	0.025X	CarMyr	5	1284	0.3878975950349108	-0.6249999999999999	0.2659855290487006	No
xlc_3	xlc	0.025X	CarOva	5	1284	0.3878975950349108	-0.6249999999999999	0.2659855290487006	No
xlc_3	xlc	0.05X	CarLac	6	2506	0.23885350318471338	-1.1111111111111112	0.1332602629025054	No
xlc_3	xlc	0.05X	CarOva	8	2504	0.3184713375796179	-0.8888888888888888	0.1870313987454413	No
xlc_3	xlc	0.01X	CarCat	10	510	1.9230769230769231	3.5	2.3262907903552494e-4	Yes
xlc_3	xlc	0.025X	CarCor	10	1279	0.7757951900698216	0.6250000000000001	0.26598552904870054	No
xlc_3	xlc	0.05X	CarMyr	15	2497	0.5971337579617835	-0.11111111111111108	0.4557641189546886	No
xlc_3	xlc	0.05X	CarPalm	15	2497	0.5971337579617835	-0.11111111111111108	0.4557641189546886	No
xlc_3	xlc	0.05X	CarCor	17	2495	0.6767515923566879	0.11111111111111108	0.4557641189546886	No
xlc_3	xlc	0.1X	CarLac	17	4809	0.3522585992540406	-1.0476190476190477	0.1474070790315272	No
xlc_3	xlc	0.25X	CarOva	18	11352	0.15831134564643798	-1.1566265060240963	0.12371249405856419	No
xlc_3	xlc	0.1X	CarOva	19	4807	0.39370078740157477	-0.9523809523809523	0.17045190796406515	No
xlc_3	xlc	0.025X	CarCat	19	1270	1.474010861132661	2.875	0.002020137489946002	Yes
xlc_3	xlc	0.1X	CarMyr	22	4804	0.45586406962287607	-0.8095238095238095	0.2091069565927449	No
xlc_3	xlc	0.25X	CarLac	31	11339	0.2726473175021988	-0.8433734939759036	0.19950979561421656	No
xlc_3	xlc	0.1X	CarPalm	35	4791	0.7252382925818484	-0.19047619047619044	0.4244679994402739	No
xlc_3	xlc	0.5X	CarOva	39	19976	0.19485385960529603	-1.1167883211678833	0.13204242176705344	No
xlc_3	xlc	0.1X	CarCor	43	4783	0.8910070451719851	0.19047619047619063	0.42446799944027386	No
xlc_3	xlc	0.05X	CarCat	44	2468	1.7515923566878981	3.1111111111111103	9.31923967514976e-4	Yes
xlc_3	xlc	0.25X	CarCor	50	11320	0.43975373790677225	-0.38554216867469865	0.3499178852090906	No
xlc_3	xlc	0.5X	CarLac	55	19960	0.2747939045715713	-0.8832116788321168	0.18856095635617634	No
xlc_3	xlc	0.25X	CarMyr	61	11309	0.5364995602462621	-0.12048192771084341	0.4520506974763986	No
xlc_3	xlc	0.25X	CarPalm	71	11299	0.6244503078276166	0.12048192771084341	0.4520506974763986	No
xlc_3	xlc	0.1X	CarCat	78	4748	1.6162453377538335	1.857142857142857	0.03164541611667266	No
xlc_3	xlc	0.5X	CarCor	90	19925	0.44966275293529856	-0.37226277372262767	0.35484860616024005	No
xlc_3	xlc	0.5X	CarMyr	97	19918	0.484636522608044	-0.2700729927007298	0.39355204951214223	No
xlc_3	xlc	0.5X	CarPalm	134	19881	0.6694978765925556	0.2700729927007298	0.39355204951214223	No
xlc_3	xlc	0.25X	CarCat	158	11212	1.3896218117854	2.216867469879518	0.013316074641679124	No
xlc_3	xlc	0.01X	CarAqu	170	350	32.69230769230769	83.5	0	Yes
xlc_3	xlc	0.5X	CarCat	297	19718	1.4838870846864851	2.6496350364963503	0.0040289381798689905	Yes
xlc_3	xlc	0.01X	CarIll	330	190	63.46153846153846	163.5	0	Yes
xlc_3	xlc	0.025X	CarAqu	443	846	34.3677269200931	108.875	0	Yes
xlc_3	xlc	0.05X	CarAqu	764	1748	30.4140127388535	83.1111111111111	0	Yes
xlc_3	xlc	0.025X	CarIll	800	489	62.06361520558572	198.125	0	Yes
xlc_3	xlc	0.1X	CarAqu	1458	3368	30.211355159552422	67.57142857142857	0	Yes
xlc_3	xlc	0.05X	CarIll	1643	869	65.406050955414	180.77777777777774	0	Yes
xlc_3	xlc	0.1X	CarIll	3154	1672	65.35433070866141	148.33333333333331	0	Yes
xlc_3	xlc	0.25X	CarAqu	3540	7830	31.13456464379947	83.71084337349397	0	Yes
xlc_3	xlc	0.5X	CarAqu	6122	13893	30.587059705221087	87.68613138686132	0	Yes
xlc_3	xlc	0.25X	CarIll	7441	3929	65.44415127528585	177.71084337349401	0	Yes
xlc_3	xlc	0.5X	CarIll	13181	6834	65.85560829377967	190.7372262773723	0	Yes
xlc_4	xlc	0.01X	CarMyr	0	513	0	-1	0.15865525393145705	No
xlc_4	xlc	0.01X	CarOva	0	513	0	-1	0.15865525393145705	No
xlc_4	xlc	0.01X	CarCor	2	511	0.3898635477582846	-0.5	0.30853753872598694	No
xlc_4	xlc	0.025X	CarOva	2	1249	0.15987210231814547	-1.037037037037037	0.14985929830560452	No
xlc_4	xlc	0.01X	CarLac	3	510	0.5847953216374269	-0.25	0.4012936743170763	No
xlc_4	xlc	0.025X	CarLac	3	1248	0.2398081534772182	-0.962962962962963	0.1677830551154279	No
xlc_4	xlc	0.05X	CarLac	4	2573	0.15521924718665114	-1.0227272727272727	0.15321840636734904	No
xlc_4	xlc	0.01X	CarCat	5	508	0.9746588693957114	0.25	0.4012936743170763	No
xlc_4	xlc	0.05X	CarOva	5	2572	0.19402405898331393	-0.9772727272727273	0.16421707561477067	No
xlc_4	xlc	0.1X	CarOva	7	4998	0.13986013986013987	-1.12	0.1313568810427307	No
xlc_4	xlc	0.025X	CarCor	10	1241	0.7993605115907274	-0.4444444444444445	0.3283606432818852	No
xlc_4	xlc	0.05X	CarMyr	14	2563	0.543267365153279	-0.5681818181818182	0.2849557579826671	No
xlc_4	xlc	0.025X	CarMyr	14	1237	1.1191047162270185	-0.14814814814814822	0.44111292596172424	No
xlc_4	xlc	0.05X	CarCor	15	2562	0.5820721769499418	-0.5227272727272727	0.30058202822394964	No
xlc_4	xlc	0.1X	CarLac	16	4989	0.3196803196803197	-0.88	0.18942965477671217	No
xlc_4	xlc	0.025X	CarCat	18	1233	1.4388489208633095	0.14814814814814806	0.4411129259617243	No
xlc_4	xlc	0.25X	CarOva	24	11065	0.21643069708720356	-1.0180722891566265	0.15432180163046447	No
xlc_4	xlc	0.25X	CarLac	27	11062	0.24348453422310395	-0.9819277108433735	0.16306773141681294	No
xlc_4	xlc	0.1X	CarCor	29	4976	0.5794205794205795	-0.5333333333333333	0.29690142860385127	No
xlc_4	xlc	0.1X	CarMyr	29	4976	0.5794205794205795	-0.5333333333333333	0.29690142860385127	No
xlc_4	xlc	0.5X	CarOva	36	20809	0.17270328615975056	-1.0824742268041239	0.13952093078140246	No
xlc_4	xlc	0.05X	CarCat	38	2539	1.474582848273186	0.5227272727272727	0.30058202822394964	No
xlc_4	xlc	0.01X	CarPalm	45	468	8.771929824561402	10.25	5.917176907365618e-25	Yes
xlc_4	xlc	0.25X	CarMyr	57	11032	0.5140229055821084	-0.6204819277108433	0.2674702743009645	No
xlc_4	xlc	0.5X	CarLac	60	20785	0.2878388102662509	-0.9175257731958762	0.17943359687168312	No
xlc_4	xlc	0.25X	CarCor	63	11026	0.5681305798539092	-0.5481927710843373	0.29177977262626625	No
xlc_4	xlc	0.01X	CarIll	69	444	13.450292397660817	16.25	1.1168221242476205e-59	Yes
xlc_4	xlc	0.1X	CarCat	69	4936	1.3786213786213788	0.5333333333333332	0.29690142860385127	No
xlc_4	xlc	0.5X	CarCor	88	20757	0.4221635883905013	-0.7250859106529209	0.23419966370056183	No
xlc_4	xlc	0.025X	CarPalm	110	1141	8.792965627498003	6.962962962962961	1.665947203133749e-12	Yes
xlc_4	xlc	0.5X	CarMyr	125	20720	0.5996641880546894	-0.47079037800687284	0.31889521820696104	No
xlc_4	xlc	0.25X	CarCat	154	10935	1.3887636396428893	0.5481927710843374	0.2917797726262662	No
xlc_4	xlc	0.025X	CarIll	216	1035	17.26618705035971	14.814814814814813	5.875633918662216e-50	Yes
xlc_4	xlc	0.05X	CarPalm	218	2359	8.459448971672487	8.704545454545455	1.5942501755452302e-18	Yes
xlc_4	xlc	0.5X	CarCat	262	20583	1.256896138162629	0.47079037800687296	0.318895218206961	No
xlc_4	xlc	0.01X	CarAqu	389	124	75.82846003898635	96.25000000000001	0	Yes
xlc_4	xlc	0.05X	CarIll	410	2167	15.909972836631741	17.431818181818183	2.36586523976909e-68	Yes
xlc_4	xlc	0.1X	CarPalm	417	4588	8.331668331668332	9.81333333333333	4.9327354458719603e-23	Yes
xlc_4	xlc	0.1X	CarIll	806	4199	16.103896103896105	20.186666666666664	6.411466003666764e-91	Yes
xlc_4	xlc	0.025X	CarAqu	878	373	70.18385291766587	63.85185185185184	0	Yes
xlc_4	xlc	0.25X	CarPalm	912	10177	8.224366489313734	9.680722891566266	1.820660412948367e-22	Yes
xlc_4	xlc	0.5X	CarPalm	1653	19192	7.929959222835212	10.030927835051546	5.573209849697443e-24	Yes
xlc_4	xlc	0.25X	CarIll	1760	9329	15.871584453061594	19.897590361445786	2.1348360898385983e-88	Yes
xlc_4	xlc	0.05X	CarAqu	1873	704	72.6814124951494	83.93181818181819	0	Yes
xlc_4	xlc	0.5X	CarIll	3171	17674	15.212281122571362	20.4639175257732	2.2579962513252185e-93	Yes
xlc_4	xlc	0.1X	CarAqu	3632	1373	72.56743256743256	95.54666666666664	0	Yes
xlc_4	xlc	0.25X	CarAqu	8092	2997	72.97321670123546	96.1867469879518	0	Yes
xlc_4	xlc	0.5X	CarAqu	15450	5395	74.1184936435596	104.85567010309278	0	Yes
xnuss_1	xnuss	0.01X	CarCor	2	296	0.6711409395973155	-1.7142857142857144	0.04323813274683281	No
xnuss_1	xnuss	0.01X	CarOva	6	292	2.013422818791946	-0.5714285714285717	0.28385458309867617	No
xnuss_1	xnuss	0.01X	CarPalm	6	292	2.013422818791946	-0.5714285714285717	0.28385458309867617	No
xnuss_1	xnuss	0.01X	CarAqu	7	291	2.348993288590604	-0.28571428571428586	0.38754848109799234	No
xnuss_1	xnuss	0.01X	CarCat	9	289	3.0201342281879198	0.2857142857142856	0.3875484810979924	No
xnuss_1	xnuss	0.025X	CarCor	11	686	1.5781922525107603	-1.277777777777778	0.10066389599150063	No
xnuss_1	xnuss	0.025X	CarPalm	11	686	1.5781922525107603	-1.277777777777778	0.10066389599150063	No
xnuss_1	xnuss	0.01X	CarMyr	13	285	4.3624161073825505	1.4285714285714282	0.07656372550983484	No
xnuss_1	xnuss	0.01X	CarLac	16	282	5.369127516778524	2.285714285714285	0.011135489479616414	No
xnuss_1	xnuss	0.025X	CarOva	16	681	2.295552367288379	-0.7222222222222221	0.23507893142883485	No
xnuss_1	xnuss	0.05X	CarCor	20	1332	1.4792899408284024	-1.8333333333333335	0.03337650758481723	No
xnuss_1	xnuss	0.025X	CarAqu	21	676	3.012912482065997	-0.16666666666666666	0.43381616738909634	No
xnuss_1	xnuss	0.05X	CarPalm	22	1330	1.6272189349112427	-1.6111111111111112	0.05357775351613628	No
xnuss_1	xnuss	0.025X	CarCat	24	673	3.443328550932568	0.16666666666666666	0.43381616738909634	No
xnuss_1	xnuss	0.025X	CarMyr	25	672	3.5868005738880915	0.27777777777777773	0.39059147543357503	No
xnuss_1	xnuss	0.05X	CarAqu	34	1318	2.514792899408284	-0.2777777777777777	0.39059147543357503	No
xnuss_1	xnuss	0.05X	CarMyr	36	1316	2.6627218934911245	-0.055555555555555323	0.4778479356582179	No
xnuss_1	xnuss	0.05X	CarOva	37	1315	2.7366863905325447	0.055555555555555844	0.4778479356582177	No
xnuss_1	xnuss	0.05X	CarCat	40	1312	2.9585798816568047	0.38888888888888884	0.348679170938738	No
xnuss_1	xnuss	0.1X	CarCor	46	2640	1.7125837676842888	-2.115384615384616	0.017198589971619223	No
xnuss_1	xnuss	0.025X	CarLac	52	645	7.4605451936872305	3.2777777777777777	5.231386460026711e-4	Yes
xnuss_1	xnuss	0.1X	CarPalm	57	2629	2.122114668652271	-1.2692307692307696	0.10217938495690158	No
xnuss_1	xnuss	0.1X	CarOva	67	2619	2.494415487714073	-0.5	0.30853753872598694	No
xnuss_1	xnuss	0.1X	CarMyr	69	2617	2.5688756515264335	-0.3461538461538462	0.36461354920831424	No
xnuss_1	xnuss	0.1X	CarCat	78	2608	2.9039463886820553	0.3461538461538462	0.36461354920831424	No
xnuss_1	xnuss	0.1X	CarAqu	83	2603	3.090096798212956	0.7307692307692303	0.23246006031229063	No
xnuss_1	xnuss	0.25X	CarCor	97	6045	1.579290133507001	-1.8181818181818177	0.03451817399720768	No
xnuss_1	xnuss	0.05X	CarLac	104	1248	7.6923076923076925	7.500000000000002	3.190891672910853e-14	Yes
xnuss_1	xnuss	0.25X	CarPalm	117	6025	1.9049169651579292	-1.2987012987012982	0.09702322911425797	No
xnuss_1	xnuss	0.5X	CarCor	138	10916	1.248416862674145	-1.9149999999999998	0.027746251805307903	No
xnuss_1	xnuss	0.25X	CarMyr	143	5999	2.3282318463041354	-0.6233766233766231	0.26651852800711917	No
xnuss_1	xnuss	0.25X	CarOva	158	5984	2.5724519700423314	-0.23376623376623376	0.4075832324303368	No
xnuss_1	xnuss	0.25X	CarAqu	176	5966	2.865516118528167	0.23376623376623376	0.4075832324303368	No
xnuss_1	xnuss	0.5X	CarPalm	182	10872	1.6464628188890897	-1.4749999999999999	0.07010627171122316	No
xnuss_1	xnuss	0.25X	CarCat	194	5948	3.158580267014002	0.7012987012987018	0.24155831202171565	No
xnuss_1	xnuss	0.1X	CarLac	210	2476	7.81831720029784	10.5	4.319006317809231e-26	Yes
xnuss_1	xnuss	0.01X	CarIll	239	59	80.20134228187919	66	0	Yes
xnuss_1	xnuss	0.5X	CarMyr	277	10777	2.505880224353175	-0.5250000000000001	0.2997915954686959	No
xnuss_1	xnuss	0.5X	CarOva	327	10727	2.9582051745974307	-0.024999999999999984	0.49002748180476197	No
xnuss_1	xnuss	0.5X	CarAqu	332	10722	3.0034376696218565	0.024999999999999984	0.49002748180476197	No
xnuss_1	xnuss	0.5X	CarCat	355	10699	3.211507146734214	0.255	0.3993615496156175	No
xnuss_1	xnuss	0.25X	CarLac	484	5658	7.880169325952459	8.233766233766234	9.07087732679546e-17	Yes
xnuss_1	xnuss	0.025X	CarIll	537	160	77.0444763271162	57.16666666666667	0	Yes
xnuss_1	xnuss	0.5X	CarLac	900	10154	8.141849104396599	5.704999999999999	5.817154439351571e-9	Yes
xnuss_1	xnuss	0.05X	CarIll	1059	293	78.3284023668639	113.61111111111111	0	Yes
xnuss_1	xnuss	0.1X	CarIll	2076	610	77.28965003723009	154.03846153846155	0	Yes
xnuss_1	xnuss	0.25X	CarIll	4773	1369	77.71084337349397	119.63636363636363	0	Yes
xnuss_1	xnuss	0.5X	CarIll	8543	2511	77.2842409987335	82.13499999999998	0	Yes
